{
  "2_bins": 
  {
    "FOM_3x2": 1387.4266199398603,
    "FOM_DETF_3x2": 23.735751442234772,
    "SNR_3x2": 876.809259538073
  },
  
  "3_bins":
  {
    "FOM_3x2": 2502.150561803356,
    "FOM_DETF_3x2": 38.19791609649463,
    "SNR_3x2": 973.6463977803064
  },

  "4_bins":
  {
    "FOM_3x2": 3312.096090570743,
    "FOM_DETF_3x2": 57.57785850852204,
    "SNR_3x2": 1144.1731253194073
  },

  "5_bins":
  {
    "FOM_3x2": 4320.3143288232827,
    "FOM_DETF_3x2": 73.04511436371448,
    "SNR_3x2": 1168.1209736720286
  },

  "6_bins":
  {
    "FOM_3x2": 5502.925291203648,
    "FOM_DETF_3x2": 77.73578516521786,
    "SNR_3x2": 1283.3259662420758
  },

  "7_bins":
  {
    "FOM_3x2": 7416.639452785952,
    "FOM_DETF_3x2": 95.94608323827052,
    "SNR_3x2": 1395.499023177545
  }
  
}
